Metric,Trial 1,Trial 2,Trial 3,Trial 4,Trial 5,Mean Value
RMSE,0.88320436,0.87393027,0.87886961,0.88271028,0.87005935,0.8777547739999999
MAE,0.67416398,0.66839604,0.67020244,0.67354113,0.66523176,0.6703070700000001
Fit Time,0.7141189575195312,0.6619524955749512,0.6645345687866211,0.6829862594604492,0.7148327827453613,0.6876850128173828
Test Time,1.4498515129089355,1.5480153560638428,1.397059679031372,1.431279182434082,1.4435803890228271,1.4539572238922118
